{
  "prepare_queue": {
    "installed": [],
    "uninstalled": []
  },
  "config_munge": {
    "files": {
      "config.xml": {
        "parents": {
          "/*": [
            {
              "xml": "<feature name=\"Device\"><param name=\"browser-package\" value=\"Device\" /></feature>",
              "count": 1
            },
            {
              "xml": "<feature name=\"BackgroundMode\"><param name=\"browser-package\" value=\"BackgroundMode\" /></feature>",
              "count": 1
            }
          ]
        }
      }
    }
  },
  "installed_plugins": {
    "cordova-plugin-geolocation": {
      "GPS_REQUIRED": "true",
      "PACKAGE_NAME": "com.runfit.tracker"
    },
    "cordova-plugin-device": {
      "PACKAGE_NAME": "com.runfit.tracker"
    },
    "cordova-plugin-statusbar": {
      "PACKAGE_NAME": "com.runfit.tracker"
    },
    "cordova-plugin-splashscreen": {
      "PACKAGE_NAME": "com.runfit.tracker"
    },
    "cordova-plugin-local-notification": {
      "PACKAGE_NAME": "com.runfit.tracker"
    },
    "cordova-plugin-background-mode": {
      "PACKAGE_NAME": "com.runfit.tracker"
    },
    "cordova-plugin-insomnia": {
      "PACKAGE_NAME": "com.runfit.tracker"
    }
  },
  "dependent_plugins": {},
  "modules": [
    {
      "file": "plugins/cordova-plugin-device/www/device.js",
      "id": "cordova-plugin-device.device",
      "pluginId": "cordova-plugin-device",
      "clobbers": [
        "device"
      ]
    },
    {
      "file": "plugins/cordova-plugin-device/src/browser/DeviceProxy.js",
      "id": "cordova-plugin-device.DeviceProxy",
      "pluginId": "cordova-plugin-device",
      "runs": true
    },
    {
      "file": "plugins/cordova-plugin-statusbar/www/statusbar.js",
      "id": "cordova-plugin-statusbar.statusbar",
      "pluginId": "cordova-plugin-statusbar",
      "clobbers": [
        "window.StatusBar"
      ]
    },
    {
      "file": "plugins/cordova-plugin-statusbar/src/browser/StatusBarProxy.js",
      "id": "cordova-plugin-statusbar.StatusBarProxy",
      "pluginId": "cordova-plugin-statusbar",
      "runs": true
    },
    {
      "file": "plugins/cordova-plugin-splashscreen/src/browser/SplashScreenProxy.js",
      "id": "cordova-plugin-splashscreen.SplashScreenProxy",
      "pluginId": "cordova-plugin-splashscreen",
      "runs": true
    },
    {
      "file": "plugins/cordova-plugin-splashscreen/www/splashscreen.js",
      "id": "cordova-plugin-splashscreen.SplashScreen",
      "pluginId": "cordova-plugin-splashscreen",
      "clobbers": [
        "navigator.splashscreen"
      ]
    },
    {
      "file": "plugins/cordova-plugin-local-notification/www/local-notification.js",
      "id": "cordova-plugin-local-notification.LocalNotification",
      "pluginId": "cordova-plugin-local-notification",
      "clobbers": [
        "cordova.plugins.notification.local"
      ]
    },
    {
      "file": "plugins/cordova-plugin-background-mode/www/background-mode.js",
      "id": "cordova-plugin-background-mode.BackgroundMode",
      "pluginId": "cordova-plugin-background-mode",
      "clobbers": [
        "cordova.plugins.backgroundMode",
        "plugin.backgroundMode"
      ]
    },
    {
      "file": "plugins/cordova-plugin-background-mode/src/browser/BackgroundModeProxy.js",
      "id": "cordova-plugin-background-mode.BackgroundMode.Proxy",
      "pluginId": "cordova-plugin-background-mode",
      "runs": true
    },
    {
      "file": "plugins/cordova-plugin-insomnia/www/Insomnia.js",
      "id": "cordova-plugin-insomnia.Insomnia",
      "pluginId": "cordova-plugin-insomnia",
      "clobbers": [
        "window.plugins.insomnia"
      ]
    },
    {
      "file": "plugins/cordova-plugin-insomnia/src/browser/Insomnia.js",
      "id": "cordova-plugin-insomnia.InsomniaProxy",
      "pluginId": "cordova-plugin-insomnia",
      "merges": [
        "window.plugins.insomnia"
      ]
    }
  ],
  "plugin_metadata": {
    "cordova-plugin-geolocation": "5.0.0",
    "cordova-plugin-device": "3.0.0",
    "cordova-plugin-statusbar": "4.0.0",
    "cordova-plugin-splashscreen": "6.0.1",
    "cordova-plugin-local-notification": "1.2.1",
    "cordova-plugin-background-mode": "0.7.3",
    "cordova-plugin-insomnia": "4.3.0"
  }
}
