{
  "prepare_queue": {
    "installed": [],
    "uninstalled": []
  },
  "config_munge": {
    "files": {
      "AndroidManifest.xml": {
        "parents": {
          "/*": [
            {
              "xml": "<uses-permission android:name=\"android.permission.ACCESS_COARSE_LOCATION\" />",
              "count": 1
            },
            {
              "xml": "<uses-permission android:name=\"android.permission.ACCESS_FINE_LOCATION\" />",
              "count": 1
            },
            {
              "xml": "<uses-feature android:name=\"android.hardware.location.gps\" android:required=\"true\" />",
              "count": 1
            }
          ],
          "/manifest/application": [
            {
              "xml": "<provider android:authorities=\"${applicationId}.localnotifications.provider\" android:exported=\"false\" android:grantUriPermissions=\"true\" android:name=\"de.appplant.cordova.plugin.localnotification.util.PluginFileProvider\"><meta-data android:name=\"android.support.FILE_PROVIDER_PATHS\" android:resource=\"@xml/shared_files_provider_paths\" /></provider>",
              "count": 1
            },
            {
              "xml": "<activity android:excludeFromRecents=\"true\" android:exported=\"false\" android:name=\"de.appplant.cordova.plugin.localnotification.NotificationClickActivity\" android:taskAffinity=\"\" />",
              "count": 1
            },
            {
              "xml": "<receiver android:exported=\"false\" android:name=\"de.appplant.cordova.plugin.localnotification.receiver.TriggerReceiver\" />",
              "count": 1
            },
            {
              "xml": "<receiver android:exported=\"false\" android:name=\"de.appplant.cordova.plugin.localnotification.receiver.ClearReceiver\" />",
              "count": 1
            },
            {
              "xml": "<receiver android:exported=\"false\" android:name=\"de.appplant.cordova.plugin.localnotification.receiver.RestoreReceiver\"><intent-filter><action android:name=\"android.intent.action.BOOT_COMPLETED\" /><action android:name=\"android.intent.action.MY_PACKAGE_REPLACED\" /><action android:name=\"android.app.action.SCHEDULE_EXACT_ALARM_PERMISSION_STATE_CHANGED\" /></intent-filter></receiver>",
              "count": 1
            },
            {
              "xml": "<service android:name=\"de.appplant.cordova.plugin.background.ForegroundService\" />",
              "count": 1
            }
          ],
          "/manifest": [
            {
              "xml": "<uses-permission android:name=\"android.permission.RECEIVE_BOOT_COMPLETED\" />",
              "count": 1
            },
            {
              "xml": "<uses-permission android:name=\"android.permission.WAKE_LOCK\" />",
              "count": 2
            },
            {
              "xml": "<uses-permission android:name=\"android.permission.POST_NOTIFICATIONS\" />",
              "count": 1
            }
          ]
        }
      },
      "res/xml/config.xml": {
        "parents": {
          "/*": [
            {
              "xml": "<feature name=\"Geolocation\"><param name=\"android-package\" value=\"org.apache.cordova.geolocation.Geolocation\" /></feature>",
              "count": 1
            },
            {
              "xml": "<feature name=\"Device\"><param name=\"android-package\" value=\"org.apache.cordova.device.Device\" /></feature>",
              "count": 1
            },
            {
              "xml": "<feature name=\"StatusBar\"><param name=\"android-package\" value=\"org.apache.cordova.statusbar.StatusBar\" /><param name=\"onload\" value=\"true\" /></feature>",
              "count": 1
            },
            {
              "xml": "<preference name=\"StatusBarOverlaysWebView\" value=\"true\" />",
              "count": 1
            },
            {
              "xml": "<feature name=\"SplashScreen\"><param name=\"android-package\" value=\"org.apache.cordova.splashscreen.SplashScreen\" /><param name=\"onload\" value=\"true\" /></feature>",
              "count": 1
            },
            {
              "xml": "<feature name=\"LocalNotification\"><param name=\"android-package\" value=\"de.appplant.cordova.plugin.localnotification.LocalNotification\" /></feature>",
              "count": 1
            },
            {
              "xml": "<feature name=\"BackgroundMode\"><param name=\"android-package\" value=\"de.appplant.cordova.plugin.background.BackgroundMode\" /></feature>",
              "count": 1
            },
            {
              "xml": "<feature name=\"BackgroundModeExt\"><param name=\"android-package\" value=\"de.appplant.cordova.plugin.background.BackgroundModeExt\" /></feature>",
              "count": 1
            },
            {
              "xml": "<preference name=\"KeepRunning\" value=\"true\" />",
              "count": 1
            },
            {
              "xml": "<feature name=\"Insomnia\"><param name=\"android-package\" value=\"nl.xservices.plugins.Insomnia\" /></feature>",
              "count": 1
            }
          ]
        }
      },
      "config.xml": {
        "parents": {
          "/*": [
            {
              "xml": "<preference name=\"GradlePluginKotlinEnabled\" value=\"true\" />",
              "count": 1
            }
          ]
        }
      }
    }
  },
  "installed_plugins": {
    "cordova-plugin-geolocation": {
      "GPS_REQUIRED": "true",
      "PACKAGE_NAME": "com.runfit.tracker"
    },
    "cordova-plugin-device": {
      "PACKAGE_NAME": "com.runfit.tracker"
    },
    "cordova-plugin-statusbar": {
      "PACKAGE_NAME": "com.runfit.tracker"
    },
    "cordova-plugin-splashscreen": {
      "PACKAGE_NAME": "com.runfit.tracker"
    },
    "cordova-plugin-local-notification": {
      "ANDROIDX_CORE_VERSION": "1.12.0",
      "PACKAGE_NAME": "com.runfit.tracker"
    },
    "cordova-plugin-background-mode": {
      "PACKAGE_NAME": "com.runfit.tracker"
    },
    "cordova-plugin-insomnia": {
      "PACKAGE_NAME": "com.runfit.tracker"
    }
  },
  "dependent_plugins": {},
  "modules": [
    {
      "id": "cordova-plugin-geolocation.geolocation",
      "file": "plugins/cordova-plugin-geolocation/www/android/geolocation.js",
      "pluginId": "cordova-plugin-geolocation",
      "clobbers": [
        "navigator.geolocation"
      ]
    },
    {
      "id": "cordova-plugin-geolocation.PositionError",
      "file": "plugins/cordova-plugin-geolocation/www/PositionError.js",
      "pluginId": "cordova-plugin-geolocation",
      "runs": true
    },
    {
      "id": "cordova-plugin-device.device",
      "file": "plugins/cordova-plugin-device/www/device.js",
      "pluginId": "cordova-plugin-device",
      "clobbers": [
        "device"
      ]
    },
    {
      "id": "cordova-plugin-statusbar.statusbar",
      "file": "plugins/cordova-plugin-statusbar/www/statusbar.js",
      "pluginId": "cordova-plugin-statusbar",
      "clobbers": [
        "window.StatusBar"
      ]
    },
    {
      "id": "cordova-plugin-splashscreen.SplashScreen",
      "file": "plugins/cordova-plugin-splashscreen/www/splashscreen.js",
      "pluginId": "cordova-plugin-splashscreen",
      "clobbers": [
        "navigator.splashscreen"
      ]
    },
    {
      "id": "cordova-plugin-local-notification.LocalNotification",
      "file": "plugins/cordova-plugin-local-notification/www/local-notification.js",
      "pluginId": "cordova-plugin-local-notification",
      "clobbers": [
        "cordova.plugins.notification.local"
      ]
    },
    {
      "id": "cordova-plugin-background-mode.BackgroundMode",
      "file": "plugins/cordova-plugin-background-mode/www/background-mode.js",
      "pluginId": "cordova-plugin-background-mode",
      "clobbers": [
        "cordova.plugins.backgroundMode",
        "plugin.backgroundMode"
      ]
    },
    {
      "id": "cordova-plugin-insomnia.Insomnia",
      "file": "plugins/cordova-plugin-insomnia/www/Insomnia.js",
      "pluginId": "cordova-plugin-insomnia",
      "clobbers": [
        "window.plugins.insomnia"
      ]
    }
  ],
  "plugin_metadata": {
    "cordova-plugin-geolocation": "5.0.0",
    "cordova-plugin-device": "3.0.0",
    "cordova-plugin-statusbar": "4.0.0",
    "cordova-plugin-splashscreen": "6.0.1",
    "cordova-plugin-local-notification": "1.2.1",
    "cordova-plugin-background-mode": "0.7.3",
    "cordova-plugin-insomnia": "4.3.0"
  }
}
